{"cameraMode":{"drawMode":0,"name":"Shaded","section":"Shading Mode"},"sceneLighting":true,"audioPlay":false,"sceneViewState":{"showFog":true,"showMaterialUpdate":false,"showSkybox":true,"showFlares":true,"showImageEffects":true,"showParticleSystems":true},"in2DMode":false,"pivot":{"x":0.5777296423912048,"y":1.450492024421692,"z":10.8491849899292},"rotation":{"x":0.01712764799594879,"y":0.9613252878189087,"z":-0.27542978525161745,"w":0.03288724645972252},"size":2.3334522247314455,"orthographic":false}