{"cameraMode":{"drawMode":0,"name":"Shaded","section":"Shading Mode"},"sceneLighting":true,"audioPlay":false,"sceneViewState":{"showFog":true,"showMaterialUpdate":false,"showSkybox":true,"showFlares":true,"showImageEffects":true,"showParticleSystems":true},"in2DMode":false,"pivot":{"x":2.6215784549713136,"y":1.0373927354812623,"z":10.793636322021485},"rotation":{"x":0.01613801158964634,"y":0.9836057424545288,"z":-0.17739564180374146,"w":0.04620831459760666},"size":5.575864791870117,"orthographic":false}