{"cameraMode":{"drawMode":0,"name":"Shaded","section":"Shading Mode"},"sceneLighting":true,"audioPlay":false,"sceneViewState":{"showFog":true,"showMaterialUpdate":false,"showSkybox":true,"showFlares":true,"showImageEffects":true,"showParticleSystems":true},"in2DMode":false,"pivot":{"x":-21.13710594177246,"y":8.754441261291504,"z":-1.9625877141952515},"rotation":{"x":-0.08115854114294052,"y":-0.7622661590576172,"z":-0.09559473395347595,"w":0.6353979706764221},"size":0.7490584850311279,"orthographic":false}