{"cameraMode":{"drawMode":0,"name":"Shaded","section":"Shading Mode"},"sceneLighting":false,"audioPlay":false,"sceneViewState":{"showFog":true,"showMaterialUpdate":false,"showSkybox":false,"showFlares":true,"showImageEffects":true,"showParticleSystems":true},"in2DMode":false,"pivot":{"x":-1.188037395477295,"y":0.9375737905502319,"z":-0.5251020193099976},"rotation":{"x":-0.19729052484035493,"y":-0.43557208776474,"z":0.09844522178173065,"w":-0.8727609515190125},"size":2.2461373805999758,"orthographic":false}