{"cameraMode":{"drawMode":0,"name":"Shaded","section":"Shading Mode"},"sceneLighting":false,"audioPlay":false,"sceneViewState":{"showFog":true,"showMaterialUpdate":false,"showSkybox":false,"showFlares":true,"showImageEffects":true,"showParticleSystems":true},"in2DMode":false,"pivot":{"x":-1.1773637533187867,"y":1.8305432796478272,"z":-1.6250264644622803},"rotation":{"x":0.1797243356704712,"y":0.2606358528137207,"z":-0.04945003613829613,"w":0.947270929813385},"size":2.2461373805999758,"orthographic":false}