{"cameraMode":{"drawMode":0,"name":"Shaded","section":"Shading Mode"},"sceneLighting":false,"audioPlay":false,"sceneViewState":{"showFog":true,"showMaterialUpdate":false,"showSkybox":false,"showFlares":true,"showImageEffects":true,"showParticleSystems":true},"in2DMode":false,"pivot":{"x":4.5005998611450199,"y":3.9933671951293947,"z":5.000659942626953},"rotation":{"x":0.05432572960853577,"y":0.6500517129898071,"z":-0.04536541923880577,"w":0.7570301294326782},"size":28.240636825561525,"orthographic":false}