{"cameraMode":{"drawMode":0,"name":"Shaded","section":"Shading Mode"},"sceneLighting":false,"audioPlay":false,"sceneViewState":{"showFog":true,"showMaterialUpdate":false,"showSkybox":false,"showFlares":true,"showImageEffects":true,"showParticleSystems":true},"in2DMode":false,"pivot":{"x":-0.6561021208763123,"y":-0.13860587775707246,"z":0.1756897270679474},"rotation":{"x":0.19888676702976228,"y":-0.10123778879642487,"z":0.020651623606681825,"w":0.974581778049469},"size":2.8578836917877199,"orthographic":false}