{"cameraMode":{"drawMode":0,"name":"Shaded","section":"Shading Mode"},"sceneLighting":false,"audioPlay":false,"sceneViewState":{"showFog":true,"showMaterialUpdate":false,"showSkybox":false,"showFlares":true,"showImageEffects":true,"showParticleSystems":true},"in2DMode":false,"pivot":{"x":0.8326498866081238,"y":0.874760627746582,"z":8.746766090393067},"rotation":{"x":-0.18773570656776429,"y":0.7149278521537781,"z":-0.20969730615615846,"w":-0.6400575637817383},"size":2.857884645462036,"orthographic":false}