{"cameraMode":{"drawMode":0,"name":"Shaded","section":"Shading Mode"},"sceneLighting":true,"audioPlay":false,"sceneViewState":{"showFog":true,"showMaterialUpdate":false,"showSkybox":true,"showFlares":true,"showImageEffects":true,"showParticleSystems":true},"in2DMode":false,"pivot":{"x":4.160179615020752,"y":2.6394622325897219,"z":11.28303050994873},"rotation":{"x":-0.003109180834144354,"y":-0.9801478981971741,"z":0.041023045778274539,"w":-0.19794780015945435},"size":2.5103390216827394,"orthographic":false}