{"cameraMode":{"drawMode":0,"name":"Shaded","section":"Shading Mode"},"sceneLighting":false,"audioPlay":false,"sceneViewState":{"showFog":true,"showMaterialUpdate":false,"showSkybox":false,"showFlares":true,"showImageEffects":true,"showParticleSystems":true},"in2DMode":false,"pivot":{"x":6.723812103271484,"y":0.7909956574440002,"z":8.19296646118164},"rotation":{"x":-0.21424363553524018,"y":-0.554550290107727,"z":0.15226101875305177,"w":-0.7902497053146362},"size":2.857883930206299,"orthographic":false}