{"cameraMode":{"drawMode":0,"name":"Shaded","section":"Shading Mode"},"sceneLighting":true,"audioPlay":false,"sceneViewState":{"showFog":true,"showMaterialUpdate":false,"showSkybox":true,"showFlares":true,"showImageEffects":true,"showParticleSystems":true},"in2DMode":false,"pivot":{"x":1.3425861597061158,"y":1.4733043909072877,"z":13.134418487548829},"rotation":{"x":-0.009778167121112347,"y":-0.9842461943626404,"z":0.16723784804344178,"w":-0.057348113507032397},"size":2.3334522247314455,"orthographic":false}